{"cameraMode":{"drawMode":0,"name":"Shaded","section":"Shading Mode"},"sceneLighting":true,"audioPlay":false,"sceneViewState":{"m_AlwaysRefresh":false,"showFog":true,"showSkybox":true,"showFlares":true,"showImageEffects":true,"showParticleSystems":true,"showVisualEffectGraphs":true,"m_FxEnabled":true},"in2DMode":false,"pivot":{"x":24.867841720581056,"y":-1.876521110534668,"z":-351.12506103515627},"rotation":{"x":-0.29865074157714846,"y":0.13172271847724915,"z":-0.041659221053123477,"w":-0.944310188293457},"size":9.082572937011719,"orthographic":false}